Season,Week,Official Borda,Borda-Top1,Borda-Top3,Borda-Top5,Borda-Top10,Dowdall
2014,1,(florida-state-seminoles,alabama-crimson-tide,oregon-ducks),(florida-state-seminoles,alabama-crimson-tide,oregon-ducks),(florida-state-seminoles,alabama-crimson-tide,oklahoma-sooners),(florida-state-seminoles,alabama-crimson-tide,oregon-ducks),(florida-state-seminoles,alabama-crimson-tide,oregon-ducks),(florida-state-seminoles,alabama-crimson-tide,oklahoma-sooners)
2014,2,(florida-state-seminoles,alabama-crimson-tide,oregon-ducks),(florida-state-seminoles,oregon-ducks,georgia-bulldogs),(florida-state-seminoles,alabama-crimson-tide,oregon-ducks),(florida-state-seminoles,oregon-ducks,alabama-crimson-tide),(florida-state-seminoles,alabama-crimson-tide,oregon-ducks),(florida-state-seminoles,oregon-ducks,alabama-crimson-tide)
2014,3,(florida-state-seminoles,oregon-ducks,alabama-crimson-tide),(florida-state-seminoles,oregon-ducks,texas-am-aggies),(florida-state-seminoles,oregon-ducks,alabama-crimson-tide),(florida-state-seminoles,oregon-ducks,alabama-crimson-tide),(florida-state-seminoles,oregon-ducks,alabama-crimson-tide),(florida-state-seminoles,oregon-ducks,alabama-crimson-tide)
2014,4,(florida-state-seminoles,oregon-ducks,alabama-crimson-tide),(florida-state-seminoles,oregon-ducks,texas-am-aggies),(florida-state-seminoles,oregon-ducks,alabama-crimson-tide),(florida-state-seminoles,oregon-ducks,alabama-crimson-tide),(florida-state-seminoles,oregon-ducks,alabama-crimson-tide),(florida-state-seminoles,oregon-ducks,alabama-crimson-tide)
2014,5,(florida-state-seminoles,oregon-ducks,alabama-crimson-tide),(florida-state-seminoles,oregon-ducks,alabama-crimson-tide),(florida-state-seminoles,oregon-ducks,alabama-crimson-tide),(florida-state-seminoles,oregon-ducks,alabama-crimson-tide),(florida-state-seminoles,oregon-ducks,alabama-crimson-tide),(florida-state-seminoles,oregon-ducks,alabama-crimson-tide)
2014,6,(florida-state-seminoles,oregon-ducks,alabama-crimson-tide),(florida-state-seminoles,alabama-crimson-tide,oregon-ducks),(florida-state-seminoles,oregon-ducks,alabama-crimson-tide),(florida-state-seminoles,oregon-ducks,alabama-crimson-tide),(florida-state-seminoles,oregon-ducks,alabama-crimson-tide),(florida-state-seminoles,oregon-ducks,alabama-crimson-tide)
2014,7,(florida-state-seminoles,auburn-tigers,mississippi-state-bulldogs),(florida-state-seminoles,auburn-tigers,mississippi-state-bulldogs),(florida-state-seminoles,auburn-tigers,mississippi-state-bulldogs),(florida-state-seminoles,auburn-tigers,mississippi-state-bulldogs),(florida-state-seminoles,auburn-tigers,mississippi-state-bulldogs),(florida-state-seminoles,auburn-tigers,mississippi-state-bulldogs)
2014,8,(mississippi-state-bulldogs,florida-state-seminoles,ole-miss-rebels),(mississippi-state-bulldogs,florida-state-seminoles,ole-miss-rebels),(mississippi-state-bulldogs,florida-state-seminoles,ole-miss-rebels),(mississippi-state-bulldogs,florida-state-seminoles,ole-miss-rebels),(mississippi-state-bulldogs,florida-state-seminoles,ole-miss-rebels),(mississippi-state-bulldogs,florida-state-seminoles,ole-miss-rebels)
2014,9,(mississippi-state-bulldogs,florida-state-seminoles,ole-miss-rebels),(mississippi-state-bulldogs,florida-state-seminoles,ole-miss-rebels),(mississippi-state-bulldogs,florida-state-seminoles,ole-miss-rebels),(mississippi-state-bulldogs,florida-state-seminoles,ole-miss-rebels),(mississippi-state-bulldogs,florida-state-seminoles,ole-miss-rebels),(mississippi-state-bulldogs,florida-state-seminoles,ole-miss-rebels)
2014,10,(mississippi-state-bulldogs,florida-state-seminoles,alabama-crimson-tide),(mississippi-state-bulldogs,florida-state-seminoles,auburn-tigers),(mississippi-state-bulldogs,florida-state-seminoles,alabama-crimson-tide),(mississippi-state-bulldogs,florida-state-seminoles,alabama-crimson-tide),(mississippi-state-bulldogs,florida-state-seminoles,alabama-crimson-tide),(mississippi-state-bulldogs,florida-state-seminoles,alabama-crimson-tide)
2014,11,(mississippi-state-bulldogs,florida-state-seminoles,auburn-tigers),(mississippi-state-bulldogs,florida-state-seminoles,oregon-ducks),(mississippi-state-bulldogs,florida-state-seminoles,auburn-tigers),(mississippi-state-bulldogs,florida-state-seminoles,auburn-tigers),(mississippi-state-bulldogs,florida-state-seminoles,auburn-tigers),(mississippi-state-bulldogs,florida-state-seminoles,auburn-tigers)
2014,12,(mississippi-state-bulldogs,florida-state-seminoles,oregon-ducks),(mississippi-state-bulldogs,florida-state-seminoles,oregon-ducks),(mississippi-state-bulldogs,florida-state-seminoles,alabama-crimson-tide),(mississippi-state-bulldogs,florida-state-seminoles,oregon-ducks),(mississippi-state-bulldogs,florida-state-seminoles,oregon-ducks),(mississippi-state-bulldogs,florida-state-seminoles,oregon-ducks)
2014,13,(florida-state-seminoles,alabama-crimson-tide,oregon-ducks),(florida-state-seminoles,alabama-crimson-tide,oregon-ducks),(florida-state-seminoles,alabama-crimson-tide,oregon-ducks),(florida-state-seminoles,alabama-crimson-tide,oregon-ducks),(florida-state-seminoles,alabama-crimson-tide,oregon-ducks),(florida-state-seminoles,alabama-crimson-tide,oregon-ducks)
2014,14,(florida-state-seminoles,alabama-crimson-tide,oregon-ducks),(florida-state-seminoles,alabama-crimson-tide,oregon-ducks),(florida-state-seminoles,alabama-crimson-tide,oregon-ducks),(florida-state-seminoles,alabama-crimson-tide,oregon-ducks),(florida-state-seminoles,alabama-crimson-tide,oregon-ducks),(florida-state-seminoles,alabama-crimson-tide,oregon-ducks)
2014,15,(alabama-crimson-tide,florida-state-seminoles,oregon-ducks),(florida-state-seminoles,alabama-crimson-tide,oregon-ducks),(alabama-crimson-tide,florida-state-seminoles,oregon-ducks),(alabama-crimson-tide,florida-state-seminoles,oregon-ducks),(alabama-crimson-tide,florida-state-seminoles,oregon-ducks),(florida-state-seminoles,alabama-crimson-tide,oregon-ducks)
2014,16,(alabama-crimson-tide,florida-state-seminoles,oregon-ducks),(alabama-crimson-tide,florida-state-seminoles,oregon-ducks),(alabama-crimson-tide,florida-state-seminoles,oregon-ducks),(alabama-crimson-tide,florida-state-seminoles,oregon-ducks),(alabama-crimson-tide,florida-state-seminoles,oregon-ducks),(alabama-crimson-tide,florida-state-seminoles,oregon-ducks)
2014,17,(ohio-state-buckeyes,oregon-ducks,tcu-horned-frogs),(ohio-state-buckeyes,oregon-ducks,tcu-horned-frogs),(ohio-state-buckeyes,oregon-ducks,tcu-horned-frogs),(ohio-state-buckeyes,oregon-ducks,tcu-horned-frogs),(ohio-state-buckeyes,oregon-ducks,tcu-horned-frogs),(ohio-state-buckeyes,oregon-ducks,tcu-horned-frogs)
2015,1,(ohio-state-buckeyes,tcu-horned-frogs,alabama-crimson-tide),(ohio-state-buckeyes,tcu-horned-frogs,auburn-tigers),(ohio-state-buckeyes,tcu-horned-frogs,alabama-crimson-tide),(ohio-state-buckeyes,tcu-horned-frogs,alabama-crimson-tide),(ohio-state-buckeyes,tcu-horned-frogs,alabama-crimson-tide),(ohio-state-buckeyes,tcu-horned-frogs,alabama-crimson-tide)
2015,3,(ohio-state-buckeyes,alabama-crimson-tide,tcu-horned-frogs),(ohio-state-buckeyes,michigan-state-spartans,alabama-crimson-tide),(ohio-state-buckeyes,alabama-crimson-tide,tcu-horned-frogs),(ohio-state-buckeyes,alabama-crimson-tide,tcu-horned-frogs),(ohio-state-buckeyes,alabama-crimson-tide,tcu-horned-frogs),(ohio-state-buckeyes,alabama-crimson-tide,tcu-horned-frogs)
2015,4,(ohio-state-buckeyes,michigan-state-spartans,ole-miss-rebels),(ohio-state-buckeyes,ole-miss-rebels,michigan-state-spartans),(ohio-state-buckeyes,michigan-state-spartans,ole-miss-rebels),(ohio-state-buckeyes,michigan-state-spartans,tcu-horned-frogs),(ohio-state-buckeyes,michigan-state-spartans,ole-miss-rebels),(ohio-state-buckeyes,michigan-state-spartans,ole-miss-rebels)
2015,5,(ohio-state-buckeyes,michigan-state-spartans,ole-miss-rebels),(ohio-state-buckeyes,ole-miss-rebels,michigan-state-spartans),(ohio-state-buckeyes,michigan-state-spartans,ole-miss-rebels),(ohio-state-buckeyes,michigan-state-spartans,ole-miss-rebels),(ohio-state-buckeyes,michigan-state-spartans,ole-miss-rebels),(ohio-state-buckeyes,michigan-state-spartans,ole-miss-rebels)
2015,6,(ohio-state-buckeyes,tcu-horned-frogs,baylor-bears),(ohio-state-buckeyes,baylor-bears,utah-utes),(ohio-state-buckeyes,tcu-horned-frogs,baylor-bears),(ohio-state-buckeyes,tcu-horned-frogs,baylor-bears),(ohio-state-buckeyes,tcu-horned-frogs,baylor-bears),(ohio-state-buckeyes,baylor-bears,tcu-horned-frogs)
2015,7,(ohio-state-buckeyes,baylor-bears,tcu-horned-frogs),(ohio-state-buckeyes,utah-utes,baylor-bears),(ohio-state-buckeyes,baylor-bears,utah-utes),(ohio-state-buckeyes,baylor-bears,utah-utes),(ohio-state-buckeyes,baylor-bears,tcu-horned-frogs),(ohio-state-buckeyes,baylor-bears,utah-utes)
2015,8,(ohio-state-buckeyes,baylor-bears,utah-utes),(ohio-state-buckeyes,utah-utes,baylor-bears),(ohio-state-buckeyes,baylor-bears,utah-utes),(ohio-state-buckeyes,baylor-bears,utah-utes),(ohio-state-buckeyes,baylor-bears,utah-utes),(ohio-state-buckeyes,baylor-bears,utah-utes)
2015,9,(ohio-state-buckeyes,baylor-bears,clemson-tigers),(ohio-state-buckeyes,baylor-bears,clemson-tigers),(ohio-state-buckeyes,baylor-bears,clemson-tigers),(ohio-state-buckeyes,baylor-bears,clemson-tigers),(ohio-state-buckeyes,baylor-bears,clemson-tigers),(ohio-state-buckeyes,baylor-bears,clemson-tigers)
2015,10,(ohio-state-buckeyes,baylor-bears,clemson-tigers),(ohio-state-buckeyes,baylor-bears,clemson-tigers),(ohio-state-buckeyes,baylor-bears,clemson-tigers),(ohio-state-buckeyes,baylor-bears,clemson-tigers),(ohio-state-buckeyes,baylor-bears,clemson-tigers),(ohio-state-buckeyes,baylor-bears,clemson-tigers)
2015,11,(clemson-tigers,ohio-state-buckeyes,alabama-crimson-tide),(clemson-tigers,ohio-state-buckeyes,alabama-crimson-tide),(clemson-tigers,ohio-state-buckeyes,alabama-crimson-tide),(clemson-tigers,ohio-state-buckeyes,alabama-crimson-tide),(clemson-tigers,ohio-state-buckeyes,alabama-crimson-tide),(clemson-tigers,ohio-state-buckeyes,alabama-crimson-tide)
2015,12,(clemson-tigers,ohio-state-buckeyes,alabama-crimson-tide),(clemson-tigers,ohio-state-buckeyes,alabama-crimson-tide),(clemson-tigers,ohio-state-buckeyes,alabama-crimson-tide),(clemson-tigers,ohio-state-buckeyes,alabama-crimson-tide),(clemson-tigers,ohio-state-buckeyes,alabama-crimson-tide),(clemson-tigers,ohio-state-buckeyes,alabama-crimson-tide)
2015,13,(clemson-tigers,alabama-crimson-tide,iowa-hawkeyes),(clemson-tigers,alabama-crimson-tide,iowa-hawkeyes),(clemson-tigers,alabama-crimson-tide,iowa-hawkeyes),(clemson-tigers,alabama-crimson-tide,iowa-hawkeyes),(clemson-tigers,alabama-crimson-tide,iowa-hawkeyes),(clemson-tigers,alabama-crimson-tide,iowa-hawkeyes)
2015,14,(clemson-tigers,alabama-crimson-tide,oklahoma-sooners),(clemson-tigers,alabama-crimson-tide,iowa-hawkeyes),(clemson-tigers,alabama-crimson-tide,oklahoma-sooners),(clemson-tigers,alabama-crimson-tide,oklahoma-sooners),(clemson-tigers,alabama-crimson-tide,oklahoma-sooners),(clemson-tigers,alabama-crimson-tide,oklahoma-sooners)
2015,15,(clemson-tigers,alabama-crimson-tide,michigan-state-spartans),(clemson-tigers,alabama-crimson-tide,michigan-state-spartans),(clemson-tigers,alabama-crimson-tide,michigan-state-spartans),(clemson-tigers,alabama-crimson-tide,michigan-state-spartans),(clemson-tigers,alabama-crimson-tide,michigan-state-spartans),(clemson-tigers,alabama-crimson-tide,michigan-state-spartans)
2015,16,(alabama-crimson-tide,clemson-tigers,stanford-cardinal),(alabama-crimson-tide,clemson-tigers,stanford-cardinal),(alabama-crimson-tide,clemson-tigers,stanford-cardinal),(alabama-crimson-tide,clemson-tigers,stanford-cardinal),(alabama-crimson-tide,clemson-tigers,stanford-cardinal),(alabama-crimson-tide,clemson-tigers,stanford-cardinal)
2016,1,(alabama-crimson-tide,clemson-tigers,oklahoma-sooners),(alabama-crimson-tide,clemson-tigers,florida-state-seminoles),(alabama-crimson-tide,clemson-tigers,oklahoma-sooners),(alabama-crimson-tide,clemson-tigers,oklahoma-sooners),(alabama-crimson-tide,clemson-tigers,oklahoma-sooners),(alabama-crimson-tide,clemson-tigers,oklahoma-sooners)
2016,2,(alabama-crimson-tide,clemson-tigers,florida-state-seminoles),(alabama-crimson-tide,florida-state-seminoles,clemson-tigers),(alabama-crimson-tide,florida-state-seminoles,clemson-tigers),(alabama-crimson-tide,clemson-tigers,florida-state-seminoles),(alabama-crimson-tide,clemson-tigers,florida-state-seminoles),(alabama-crimson-tide,florida-state-seminoles,clemson-tigers)
2016,3,(alabama-crimson-tide,florida-state-seminoles,ohio-state-buckeyes),(alabama-crimson-tide,florida-state-seminoles,michigan-wolverines),(alabama-crimson-tide,florida-state-seminoles,ohio-state-buckeyes),(alabama-crimson-tide,florida-state-seminoles,ohio-state-buckeyes),(alabama-crimson-tide,florida-state-seminoles,ohio-state-buckeyes),(alabama-crimson-tide,florida-state-seminoles,ohio-state-buckeyes)
2016,4,(alabama-crimson-tide,ohio-state-buckeyes,louisville-cardinals),(alabama-crimson-tide,louisville-cardinals,ohio-state-buckeyes),(alabama-crimson-tide,ohio-state-buckeyes,louisville-cardinals),(alabama-crimson-tide,ohio-state-buckeyes,louisville-cardinals),(alabama-crimson-tide,ohio-state-buckeyes,louisville-cardinals),(alabama-crimson-tide,ohio-state-buckeyes,louisville-cardinals)
2016,5,(alabama-crimson-tide,ohio-state-buckeyes,louisville-cardinals),(alabama-crimson-tide,louisville-cardinals,ohio-state-buckeyes),(alabama-crimson-tide,ohio-state-buckeyes,louisville-cardinals),(alabama-crimson-tide,ohio-state-buckeyes,louisville-cardinals),(alabama-crimson-tide,ohio-state-buckeyes,louisville-cardinals),(alabama-crimson-tide,ohio-state-buckeyes,louisville-cardinals)
2016,6,(alabama-crimson-tide,ohio-state-buckeyes,clemson-tigers),(alabama-crimson-tide,ohio-state-buckeyes,clemson-tigers),(alabama-crimson-tide,ohio-state-buckeyes,clemson-tigers),(alabama-crimson-tide,ohio-state-buckeyes,clemson-tigers),(alabama-crimson-tide,ohio-state-buckeyes,clemson-tigers),(alabama-crimson-tide,ohio-state-buckeyes,clemson-tigers)
2016,7,(alabama-crimson-tide,ohio-state-buckeyes,clemson-tigers),(alabama-crimson-tide,clemson-tigers,ohio-state-buckeyes),(alabama-crimson-tide,ohio-state-buckeyes,clemson-tigers),(alabama-crimson-tide,ohio-state-buckeyes,clemson-tigers),(alabama-crimson-tide,ohio-state-buckeyes,clemson-tigers),(alabama-crimson-tide,ohio-state-buckeyes,clemson-tigers)
2016,8,(alabama-crimson-tide,ohio-state-buckeyes,michigan-wolverines),(alabama-crimson-tide,michigan-wolverines,ohio-state-buckeyes),(alabama-crimson-tide,ohio-state-buckeyes,michigan-wolverines),(alabama-crimson-tide,ohio-state-buckeyes,michigan-wolverines),(alabama-crimson-tide,ohio-state-buckeyes,michigan-wolverines),(alabama-crimson-tide,ohio-state-buckeyes,michigan-wolverines)
2016,9,(alabama-crimson-tide,michigan-wolverines,clemson-tigers),(alabama-crimson-tide,michigan-wolverines,clemson-tigers),(alabama-crimson-tide,michigan-wolverines,clemson-tigers),(alabama-crimson-tide,michigan-wolverines,clemson-tigers),(alabama-crimson-tide,michigan-wolverines,clemson-tigers),(alabama-crimson-tide,michigan-wolverines,clemson-tigers)
2016,10,(alabama-crimson-tide,michigan-wolverines,clemson-tigers),(alabama-crimson-tide,michigan-wolverines,clemson-tigers),(alabama-crimson-tide,michigan-wolverines,clemson-tigers),(alabama-crimson-tide,michigan-wolverines,clemson-tigers),(alabama-crimson-tide,michigan-wolverines,clemson-tigers),(alabama-crimson-tide,michigan-wolverines,clemson-tigers)
2016,11,(alabama-crimson-tide,michigan-wolverines,clemson-tigers),(alabama-crimson-tide,michigan-wolverines,clemson-tigers),(alabama-crimson-tide,michigan-wolverines,clemson-tigers),(alabama-crimson-tide,michigan-wolverines,clemson-tigers),(alabama-crimson-tide,michigan-wolverines,clemson-tigers),(alabama-crimson-tide,michigan-wolverines,clemson-tigers)
2016,12,(alabama-crimson-tide,ohio-state-buckeyes,louisville-cardinals),(alabama-crimson-tide,ohio-state-buckeyes,louisville-cardinals),(alabama-crimson-tide,ohio-state-buckeyes,louisville-cardinals),(alabama-crimson-tide,ohio-state-buckeyes,louisville-cardinals),(alabama-crimson-tide,ohio-state-buckeyes,louisville-cardinals),(alabama-crimson-tide,ohio-state-buckeyes,louisville-cardinals)
2016,13,(alabama-crimson-tide,ohio-state-buckeyes,michigan-wolverines),(alabama-crimson-tide,ohio-state-buckeyes,clemson-tigers),(alabama-crimson-tide,ohio-state-buckeyes,michigan-wolverines),(alabama-crimson-tide,ohio-state-buckeyes,michigan-wolverines),(alabama-crimson-tide,ohio-state-buckeyes,michigan-wolverines),(alabama-crimson-tide,ohio-state-buckeyes,michigan-wolverines)
2016,14,(alabama-crimson-tide,ohio-state-buckeyes,clemson-tigers),(alabama-crimson-tide,ohio-state-buckeyes,clemson-tigers),(alabama-crimson-tide,ohio-state-buckeyes,clemson-tigers),(alabama-crimson-tide,ohio-state-buckeyes,clemson-tigers),(alabama-crimson-tide,ohio-state-buckeyes,clemson-tigers),(alabama-crimson-tide,ohio-state-buckeyes,clemson-tigers)
2016,15,(alabama-crimson-tide,ohio-state-buckeyes,clemson-tigers),(alabama-crimson-tide,ohio-state-buckeyes,clemson-tigers),(alabama-crimson-tide,ohio-state-buckeyes,clemson-tigers),(alabama-crimson-tide,ohio-state-buckeyes,clemson-tigers),(alabama-crimson-tide,ohio-state-buckeyes,clemson-tigers),(alabama-crimson-tide,ohio-state-buckeyes,clemson-tigers)
2016,16,(clemson-tigers,alabama-crimson-tide,usc-trojans),(clemson-tigers,alabama-crimson-tide,washington-huskies),(clemson-tigers,alabama-crimson-tide,usc-trojans),(clemson-tigers,alabama-crimson-tide,usc-trojans),(clemson-tigers,alabama-crimson-tide,usc-trojans),(clemson-tigers,alabama-crimson-tide,usc-trojans)
2017,1,(alabama-crimson-tide,ohio-state-buckeyes,florida-state-seminoles),(alabama-crimson-tide,florida-state-seminoles,ohio-state-buckeyes),(alabama-crimson-tide,ohio-state-buckeyes,florida-state-seminoles),(alabama-crimson-tide,ohio-state-buckeyes,florida-state-seminoles),(alabama-crimson-tide,ohio-state-buckeyes,florida-state-seminoles),(alabama-crimson-tide,ohio-state-buckeyes,florida-state-seminoles)
2017,2,(alabama-crimson-tide,ohio-state-buckeyes,clemson-tigers),(alabama-crimson-tide,ohio-state-buckeyes,usc-trojans),(alabama-crimson-tide,ohio-state-buckeyes,clemson-tigers),(alabama-crimson-tide,ohio-state-buckeyes,clemson-tigers),(alabama-crimson-tide,ohio-state-buckeyes,clemson-tigers),(alabama-crimson-tide,ohio-state-buckeyes,clemson-tigers)
2017,3,(alabama-crimson-tide,oklahoma-sooners,clemson-tigers),(alabama-crimson-tide,oklahoma-sooners,clemson-tigers),(alabama-crimson-tide,oklahoma-sooners,clemson-tigers),(alabama-crimson-tide,oklahoma-sooners,clemson-tigers),(alabama-crimson-tide,oklahoma-sooners,clemson-tigers),(alabama-crimson-tide,oklahoma-sooners,clemson-tigers)
2017,4,(alabama-crimson-tide,clemson-tigers,oklahoma-sooners),(alabama-crimson-tide,clemson-tigers,oklahoma-sooners),(alabama-crimson-tide,clemson-tigers,oklahoma-sooners),(alabama-crimson-tide,clemson-tigers,oklahoma-sooners),(alabama-crimson-tide,clemson-tigers,oklahoma-sooners),(alabama-crimson-tide,clemson-tigers,oklahoma-sooners)
2017,5,(alabama-crimson-tide,clemson-tigers,oklahoma-sooners),(alabama-crimson-tide,clemson-tigers,oklahoma-sooners),(alabama-crimson-tide,clemson-tigers,oklahoma-sooners),(alabama-crimson-tide,clemson-tigers,oklahoma-sooners),(alabama-crimson-tide,clemson-tigers,oklahoma-sooners),(alabama-crimson-tide,clemson-tigers,oklahoma-sooners)
2017,6,(alabama-crimson-tide,clemson-tigers,oklahoma-sooners),(alabama-crimson-tide,clemson-tigers,oklahoma-sooners),(alabama-crimson-tide,clemson-tigers,oklahoma-sooners),(alabama-crimson-tide,clemson-tigers,oklahoma-sooners),(alabama-crimson-tide,clemson-tigers,oklahoma-sooners),(alabama-crimson-tide,clemson-tigers,oklahoma-sooners)
2017,7,(alabama-crimson-tide,clemson-tigers,penn-state-nittany-lions),(alabama-crimson-tide,clemson-tigers,penn-state-nittany-lions),(alabama-crimson-tide,clemson-tigers,penn-state-nittany-lions),(alabama-crimson-tide,clemson-tigers,penn-state-nittany-lions),(alabama-crimson-tide,clemson-tigers,penn-state-nittany-lions),(alabama-crimson-tide,clemson-tigers,penn-state-nittany-lions)
2017,8,(alabama-crimson-tide,penn-state-nittany-lions,georgia-bulldogs),(alabama-crimson-tide,penn-state-nittany-lions,georgia-bulldogs),(alabama-crimson-tide,penn-state-nittany-lions,georgia-bulldogs),(alabama-crimson-tide,penn-state-nittany-lions,georgia-bulldogs),(alabama-crimson-tide,penn-state-nittany-lions,georgia-bulldogs),(alabama-crimson-tide,penn-state-nittany-lions,georgia-bulldogs)
2017,9,(alabama-crimson-tide,penn-state-nittany-lions,georgia-bulldogs),(alabama-crimson-tide,penn-state-nittany-lions,georgia-bulldogs),(alabama-crimson-tide,penn-state-nittany-lions,georgia-bulldogs),(alabama-crimson-tide,penn-state-nittany-lions,georgia-bulldogs),(alabama-crimson-tide,penn-state-nittany-lions,georgia-bulldogs),(alabama-crimson-tide,penn-state-nittany-lions,georgia-bulldogs)
2017,10,(alabama-crimson-tide,georgia-bulldogs,ohio-state-buckeyes),(alabama-crimson-tide,georgia-bulldogs,wisconsin-badgers),(alabama-crimson-tide,georgia-bulldogs,ohio-state-buckeyes),(alabama-crimson-tide,georgia-bulldogs,ohio-state-buckeyes),(alabama-crimson-tide,georgia-bulldogs,ohio-state-buckeyes),(alabama-crimson-tide,georgia-bulldogs,ohio-state-buckeyes)
2017,11,(alabama-crimson-tide,georgia-bulldogs,notre-dame-fighting-irish),(alabama-crimson-tide,georgia-bulldogs,wisconsin-badgers),(alabama-crimson-tide,georgia-bulldogs,notre-dame-fighting-irish),(alabama-crimson-tide,georgia-bulldogs,notre-dame-fighting-irish),(alabama-crimson-tide,georgia-bulldogs,notre-dame-fighting-irish),(alabama-crimson-tide,georgia-bulldogs,notre-dame-fighting-irish)
2017,12,(alabama-crimson-tide,miami-fl-hurricanes,oklahoma-sooners),(alabama-crimson-tide,miami-fl-hurricanes,wisconsin-badgers),(alabama-crimson-tide,miami-fl-hurricanes,oklahoma-sooners),(alabama-crimson-tide,miami-fl-hurricanes,oklahoma-sooners),(alabama-crimson-tide,miami-fl-hurricanes,oklahoma-sooners),(alabama-crimson-tide,miami-fl-hurricanes,oklahoma-sooners)
2017,13,(alabama-crimson-tide,miami-fl-hurricanes,oklahoma-sooners),(alabama-crimson-tide,miami-fl-hurricanes,oklahoma-sooners),(alabama-crimson-tide,miami-fl-hurricanes,oklahoma-sooners),(alabama-crimson-tide,miami-fl-hurricanes,oklahoma-sooners),(alabama-crimson-tide,miami-fl-hurricanes,oklahoma-sooners),(alabama-crimson-tide,miami-fl-hurricanes,oklahoma-sooners)
2017,14,(clemson-tigers,oklahoma-sooners,wisconsin-badgers),(clemson-tigers,oklahoma-sooners,wisconsin-badgers),(clemson-tigers,oklahoma-sooners,wisconsin-badgers),(clemson-tigers,oklahoma-sooners,wisconsin-badgers),(clemson-tigers,oklahoma-sooners,wisconsin-badgers),(clemson-tigers,oklahoma-sooners,wisconsin-badgers)
2017,15,(clemson-tigers,oklahoma-sooners,georgia-bulldogs),(clemson-tigers,oklahoma-sooners,georgia-bulldogs),(clemson-tigers,oklahoma-sooners,georgia-bulldogs),(clemson-tigers,oklahoma-sooners,georgia-bulldogs),(clemson-tigers,oklahoma-sooners,georgia-bulldogs),(clemson-tigers,oklahoma-sooners,georgia-bulldogs)
2017,16,(alabama-crimson-tide,georgia-bulldogs,oklahoma-sooners),(alabama-crimson-tide,ucf-knights,georgia-bulldogs),(alabama-crimson-tide,georgia-bulldogs,oklahoma-sooners),(alabama-crimson-tide,georgia-bulldogs,oklahoma-sooners),(alabama-crimson-tide,georgia-bulldogs,oklahoma-sooners),(alabama-crimson-tide,georgia-bulldogs,oklahoma-sooners)
2018,1,(alabama-crimson-tide,clemson-tigers,georgia-bulldogs),(alabama-crimson-tide,clemson-tigers,wisconsin-badgers),(alabama-crimson-tide,clemson-tigers,georgia-bulldogs),(alabama-crimson-tide,clemson-tigers,georgia-bulldogs),(alabama-crimson-tide,clemson-tigers,georgia-bulldogs),(alabama-crimson-tide,clemson-tigers,georgia-bulldogs)
2018,2,(alabama-crimson-tide,clemson-tigers,georgia-bulldogs),(alabama-crimson-tide,clemson-tigers,wisconsin-badgers),(alabama-crimson-tide,clemson-tigers,georgia-bulldogs),(alabama-crimson-tide,clemson-tigers,georgia-bulldogs),(alabama-crimson-tide,clemson-tigers,georgia-bulldogs),(alabama-crimson-tide,clemson-tigers,georgia-bulldogs)
2018,3,(alabama-crimson-tide,clemson-tigers,georgia-bulldogs),(alabama-crimson-tide,clemson-tigers,wisconsin-badgers),(alabama-crimson-tide,clemson-tigers,georgia-bulldogs),(alabama-crimson-tide,clemson-tigers,georgia-bulldogs),(alabama-crimson-tide,clemson-tigers,georgia-bulldogs),(alabama-crimson-tide,clemson-tigers,georgia-bulldogs)
2018,4,(alabama-crimson-tide,georgia-bulldogs,clemson-tigers),(alabama-crimson-tide,clemson-tigers,georgia-bulldogs),(alabama-crimson-tide,georgia-bulldogs,clemson-tigers),(alabama-crimson-tide,georgia-bulldogs,clemson-tigers),(alabama-crimson-tide,georgia-bulldogs,clemson-tigers),(alabama-crimson-tide,georgia-bulldogs,clemson-tigers)
2018,5,(alabama-crimson-tide,georgia-bulldogs,clemson-tigers),(alabama-crimson-tide,clemson-tigers,georgia-bulldogs),(alabama-crimson-tide,georgia-bulldogs,clemson-tigers),(alabama-crimson-tide,georgia-bulldogs,clemson-tigers),(alabama-crimson-tide,georgia-bulldogs,clemson-tigers),(alabama-crimson-tide,georgia-bulldogs,clemson-tigers)
2018,6,(alabama-crimson-tide,georgia-bulldogs,ohio-state-buckeyes),(alabama-crimson-tide,ohio-state-buckeyes,clemson-tigers),(alabama-crimson-tide,georgia-bulldogs,ohio-state-buckeyes),(alabama-crimson-tide,georgia-bulldogs,ohio-state-buckeyes),(alabama-crimson-tide,georgia-bulldogs,ohio-state-buckeyes),(alabama-crimson-tide,georgia-bulldogs,ohio-state-buckeyes)
2018,7,(alabama-crimson-tide,georgia-bulldogs,ohio-state-buckeyes),(alabama-crimson-tide,ohio-state-buckeyes,clemson-tigers),(alabama-crimson-tide,georgia-bulldogs,ohio-state-buckeyes),(alabama-crimson-tide,georgia-bulldogs,ohio-state-buckeyes),(alabama-crimson-tide,georgia-bulldogs,ohio-state-buckeyes),(alabama-crimson-tide,georgia-bulldogs,ohio-state-buckeyes)
2018,8,(alabama-crimson-tide,ohio-state-buckeyes,clemson-tigers),(alabama-crimson-tide,ohio-state-buckeyes,clemson-tigers),(alabama-crimson-tide,ohio-state-buckeyes,clemson-tigers),(alabama-crimson-tide,ohio-state-buckeyes,clemson-tigers),(alabama-crimson-tide,ohio-state-buckeyes,clemson-tigers),(alabama-crimson-tide,ohio-state-buckeyes,clemson-tigers)
2018,9,(alabama-crimson-tide,clemson-tigers,notre-dame-fighting-irish),(alabama-crimson-tide,clemson-tigers,notre-dame-fighting-irish),(alabama-crimson-tide,clemson-tigers,notre-dame-fighting-irish),(alabama-crimson-tide,clemson-tigers,notre-dame-fighting-irish),(alabama-crimson-tide,clemson-tigers,notre-dame-fighting-irish),(alabama-crimson-tide,clemson-tigers,notre-dame-fighting-irish)
2018,10,(alabama-crimson-tide,clemson-tigers,notre-dame-fighting-irish),(alabama-crimson-tide,clemson-tigers,notre-dame-fighting-irish),(alabama-crimson-tide,clemson-tigers,notre-dame-fighting-irish),(alabama-crimson-tide,clemson-tigers,notre-dame-fighting-irish),(alabama-crimson-tide,clemson-tigers,notre-dame-fighting-irish),(alabama-crimson-tide,clemson-tigers,notre-dame-fighting-irish)
2018,11,(alabama-crimson-tide,clemson-tigers,notre-dame-fighting-irish),(alabama-crimson-tide,clemson-tigers,notre-dame-fighting-irish),(alabama-crimson-tide,clemson-tigers,notre-dame-fighting-irish),(alabama-crimson-tide,clemson-tigers,notre-dame-fighting-irish),(alabama-crimson-tide,clemson-tigers,notre-dame-fighting-irish),(alabama-crimson-tide,clemson-tigers,notre-dame-fighting-irish)
2018,12,(alabama-crimson-tide,clemson-tigers,notre-dame-fighting-irish),(alabama-crimson-tide,clemson-tigers,notre-dame-fighting-irish),(alabama-crimson-tide,clemson-tigers,notre-dame-fighting-irish),(alabama-crimson-tide,clemson-tigers,notre-dame-fighting-irish),(alabama-crimson-tide,clemson-tigers,notre-dame-fighting-irish),(alabama-crimson-tide,clemson-tigers,notre-dame-fighting-irish)
2018,13,(alabama-crimson-tide,clemson-tigers,notre-dame-fighting-irish),(alabama-crimson-tide,clemson-tigers,notre-dame-fighting-irish),(alabama-crimson-tide,clemson-tigers,notre-dame-fighting-irish),(alabama-crimson-tide,clemson-tigers,notre-dame-fighting-irish),(alabama-crimson-tide,clemson-tigers,notre-dame-fighting-irish),(alabama-crimson-tide,clemson-tigers,notre-dame-fighting-irish)
2018,14,(alabama-crimson-tide,clemson-tigers,notre-dame-fighting-irish),(alabama-crimson-tide,clemson-tigers,notre-dame-fighting-irish),(alabama-crimson-tide,clemson-tigers,notre-dame-fighting-irish),(alabama-crimson-tide,clemson-tigers,notre-dame-fighting-irish),(alabama-crimson-tide,clemson-tigers,notre-dame-fighting-irish),(alabama-crimson-tide,clemson-tigers,notre-dame-fighting-irish)
2018,15,(alabama-crimson-tide,clemson-tigers,notre-dame-fighting-irish),(alabama-crimson-tide,clemson-tigers,notre-dame-fighting-irish),(alabama-crimson-tide,clemson-tigers,notre-dame-fighting-irish),(alabama-crimson-tide,clemson-tigers,notre-dame-fighting-irish),(alabama-crimson-tide,clemson-tigers,notre-dame-fighting-irish),(alabama-crimson-tide,clemson-tigers,notre-dame-fighting-irish)
2018,16,(clemson-tigers,alabama-crimson-tide,ohio-state-buckeyes),(clemson-tigers,alabama-crimson-tide,notre-dame-fighting-irish),(clemson-tigers,alabama-crimson-tide,ohio-state-buckeyes),(clemson-tigers,alabama-crimson-tide,ohio-state-buckeyes),(clemson-tigers,alabama-crimson-tide,ohio-state-buckeyes),(clemson-tigers,alabama-crimson-tide,ohio-state-buckeyes)
2019,1,(clemson-tigers,alabama-crimson-tide,georgia-bulldogs),(clemson-tigers,alabama-crimson-tide,georgia-bulldogs),(clemson-tigers,alabama-crimson-tide,georgia-bulldogs),(clemson-tigers,alabama-crimson-tide,georgia-bulldogs),(clemson-tigers,alabama-crimson-tide,georgia-bulldogs),(clemson-tigers,alabama-crimson-tide,georgia-bulldogs)
2019,2,(clemson-tigers,alabama-crimson-tide,georgia-bulldogs),(clemson-tigers,alabama-crimson-tide,georgia-bulldogs),(clemson-tigers,alabama-crimson-tide,georgia-bulldogs),(clemson-tigers,alabama-crimson-tide,georgia-bulldogs),(clemson-tigers,alabama-crimson-tide,georgia-bulldogs),(clemson-tigers,alabama-crimson-tide,georgia-bulldogs)
2019,3,(clemson-tigers,alabama-crimson-tide,georgia-bulldogs),(clemson-tigers,alabama-crimson-tide,lsu-tigers),(clemson-tigers,alabama-crimson-tide,georgia-bulldogs),(clemson-tigers,alabama-crimson-tide,georgia-bulldogs),(clemson-tigers,alabama-crimson-tide,georgia-bulldogs),(clemson-tigers,alabama-crimson-tide,georgia-bulldogs)
2019,4,(clemson-tigers,alabama-crimson-tide,georgia-bulldogs),(clemson-tigers,alabama-crimson-tide,lsu-tigers),(clemson-tigers,alabama-crimson-tide,georgia-bulldogs),(clemson-tigers,alabama-crimson-tide,georgia-bulldogs),(clemson-tigers,alabama-crimson-tide,georgia-bulldogs),(clemson-tigers,alabama-crimson-tide,georgia-bulldogs)
2019,5,(clemson-tigers,alabama-crimson-tide,georgia-bulldogs),(clemson-tigers,alabama-crimson-tide,georgia-bulldogs),(clemson-tigers,alabama-crimson-tide,georgia-bulldogs),(clemson-tigers,alabama-crimson-tide,georgia-bulldogs),(clemson-tigers,alabama-crimson-tide,georgia-bulldogs),(clemson-tigers,alabama-crimson-tide,georgia-bulldogs)
2019,6,(alabama-crimson-tide,clemson-tigers,georgia-bulldogs),(alabama-crimson-tide,clemson-tigers,ohio-state-buckeyes),(alabama-crimson-tide,clemson-tigers,georgia-bulldogs),(alabama-crimson-tide,clemson-tigers,georgia-bulldogs),(alabama-crimson-tide,clemson-tigers,georgia-bulldogs),(alabama-crimson-tide,clemson-tigers,georgia-bulldogs)
2019,7,(alabama-crimson-tide,clemson-tigers,ohio-state-buckeyes),(alabama-crimson-tide,clemson-tigers,ohio-state-buckeyes),(alabama-crimson-tide,clemson-tigers,ohio-state-buckeyes),(alabama-crimson-tide,clemson-tigers,georgia-bulldogs),(alabama-crimson-tide,clemson-tigers,ohio-state-buckeyes),(alabama-crimson-tide,clemson-tigers,ohio-state-buckeyes)
2019,8,(alabama-crimson-tide,lsu-tigers,clemson-tigers),(alabama-crimson-tide,lsu-tigers,clemson-tigers),(alabama-crimson-tide,lsu-tigers,clemson-tigers),(alabama-crimson-tide,lsu-tigers,clemson-tigers),(alabama-crimson-tide,lsu-tigers,clemson-tigers),(alabama-crimson-tide,lsu-tigers,clemson-tigers)
2019,9,(alabama-crimson-tide,lsu-tigers,ohio-state-buckeyes),(alabama-crimson-tide,lsu-tigers,ohio-state-buckeyes),(alabama-crimson-tide,lsu-tigers,ohio-state-buckeyes),(alabama-crimson-tide,lsu-tigers,ohio-state-buckeyes),(alabama-crimson-tide,lsu-tigers,ohio-state-buckeyes),(alabama-crimson-tide,lsu-tigers,ohio-state-buckeyes)
2019,10,(lsu-tigers,alabama-crimson-tide,ohio-state-buckeyes),(alabama-crimson-tide,ohio-state-buckeyes,lsu-tigers),(lsu-tigers,alabama-crimson-tide,ohio-state-buckeyes),(lsu-tigers,alabama-crimson-tide,ohio-state-buckeyes),(lsu-tigers,alabama-crimson-tide,ohio-state-buckeyes),(alabama-crimson-tide,lsu-tigers,ohio-state-buckeyes)
2019,11,(lsu-tigers,alabama-crimson-tide,ohio-state-buckeyes),(alabama-crimson-tide,ohio-state-buckeyes,lsu-tigers),(lsu-tigers,alabama-crimson-tide,ohio-state-buckeyes),(lsu-tigers,alabama-crimson-tide,ohio-state-buckeyes),(lsu-tigers,alabama-crimson-tide,ohio-state-buckeyes),(alabama-crimson-tide,lsu-tigers,ohio-state-buckeyes)
2019,12,(lsu-tigers,ohio-state-buckeyes,clemson-tigers),(lsu-tigers,ohio-state-buckeyes,clemson-tigers),(lsu-tigers,ohio-state-buckeyes,clemson-tigers),(lsu-tigers,ohio-state-buckeyes,clemson-tigers),(lsu-tigers,ohio-state-buckeyes,clemson-tigers),(lsu-tigers,ohio-state-buckeyes,clemson-tigers)
2019,13,(lsu-tigers,ohio-state-buckeyes,clemson-tigers),(lsu-tigers,ohio-state-buckeyes,clemson-tigers),(lsu-tigers,ohio-state-buckeyes,clemson-tigers),(lsu-tigers,ohio-state-buckeyes,clemson-tigers),(lsu-tigers,ohio-state-buckeyes,clemson-tigers),(lsu-tigers,ohio-state-buckeyes,clemson-tigers)
2019,14,(lsu-tigers,ohio-state-buckeyes,clemson-tigers),(lsu-tigers,ohio-state-buckeyes,clemson-tigers),(lsu-tigers,ohio-state-buckeyes,clemson-tigers),(lsu-tigers,ohio-state-buckeyes,clemson-tigers),(lsu-tigers,ohio-state-buckeyes,clemson-tigers),(lsu-tigers,ohio-state-buckeyes,clemson-tigers)
2019,15,(lsu-tigers,ohio-state-buckeyes,clemson-tigers),(lsu-tigers,ohio-state-buckeyes,clemson-tigers),(lsu-tigers,ohio-state-buckeyes,clemson-tigers),(lsu-tigers,ohio-state-buckeyes,clemson-tigers),(lsu-tigers,ohio-state-buckeyes,clemson-tigers),(lsu-tigers,ohio-state-buckeyes,clemson-tigers)
2019,16,(lsu-tigers,ohio-state-buckeyes,clemson-tigers),(lsu-tigers,ohio-state-buckeyes,clemson-tigers),(lsu-tigers,ohio-state-buckeyes,clemson-tigers),(lsu-tigers,ohio-state-buckeyes,clemson-tigers),(lsu-tigers,ohio-state-buckeyes,clemson-tigers),(lsu-tigers,ohio-state-buckeyes,clemson-tigers)
2019,17,(lsu-tigers,clemson-tigers,ohio-state-buckeyes),(lsu-tigers,clemson-tigers,ohio-state-buckeyes),(lsu-tigers,clemson-tigers,ohio-state-buckeyes),(lsu-tigers,clemson-tigers,ohio-state-buckeyes),(lsu-tigers,clemson-tigers,ohio-state-buckeyes),(lsu-tigers,clemson-tigers,ohio-state-buckeyes)
2020,1,(clemson-tigers,ohio-state-buckeyes,alabama-crimson-tide),(clemson-tigers,ohio-state-buckeyes,alabama-crimson-tide),(clemson-tigers,ohio-state-buckeyes,alabama-crimson-tide),(clemson-tigers,ohio-state-buckeyes,alabama-crimson-tide),(clemson-tigers,ohio-state-buckeyes,alabama-crimson-tide),(clemson-tigers,ohio-state-buckeyes,alabama-crimson-tide)
2020,2,(clemson-tigers,alabama-crimson-tide,oklahoma-sooners),(clemson-tigers,lsu-tigers,georgia-bulldogs),(clemson-tigers,alabama-crimson-tide,oklahoma-sooners),(clemson-tigers,alabama-crimson-tide,oklahoma-sooners),(clemson-tigers,alabama-crimson-tide,oklahoma-sooners),(clemson-tigers,alabama-crimson-tide,oklahoma-sooners)
2020,3,(clemson-tigers,alabama-crimson-tide,oklahoma-sooners),(clemson-tigers,lsu-tigers,alabama-crimson-tide),(clemson-tigers,alabama-crimson-tide,oklahoma-sooners),(clemson-tigers,alabama-crimson-tide,oklahoma-sooners),(clemson-tigers,alabama-crimson-tide,oklahoma-sooners),(clemson-tigers,alabama-crimson-tide,oklahoma-sooners)
2020,4,(clemson-tigers,alabama-crimson-tide,florida-gators),(clemson-tigers,ohio-state-buckeyes,alabama-crimson-tide),(clemson-tigers,alabama-crimson-tide,ohio-state-buckeyes),(clemson-tigers,alabama-crimson-tide,ohio-state-buckeyes),(clemson-tigers,alabama-crimson-tide,ohio-state-buckeyes),(clemson-tigers,alabama-crimson-tide,ohio-state-buckeyes)
2020,5,(clemson-tigers,alabama-crimson-tide,georgia-bulldogs),(clemson-tigers,alabama-crimson-tide,ohio-state-buckeyes),(clemson-tigers,alabama-crimson-tide,ohio-state-buckeyes),(clemson-tigers,alabama-crimson-tide,georgia-bulldogs),(clemson-tigers,alabama-crimson-tide,georgia-bulldogs),(clemson-tigers,alabama-crimson-tide,georgia-bulldogs)
2020,6,(clemson-tigers,alabama-crimson-tide,georgia-bulldogs),(clemson-tigers,alabama-crimson-tide,georgia-bulldogs),(clemson-tigers,alabama-crimson-tide,georgia-bulldogs),(clemson-tigers,alabama-crimson-tide,georgia-bulldogs),(clemson-tigers,alabama-crimson-tide,georgia-bulldogs),(clemson-tigers,alabama-crimson-tide,georgia-bulldogs)
2020,7,(clemson-tigers,alabama-crimson-tide,notre-dame-fighting-irish),(clemson-tigers,alabama-crimson-tide,ohio-state-buckeyes),(clemson-tigers,alabama-crimson-tide,ohio-state-buckeyes),(clemson-tigers,alabama-crimson-tide,ohio-state-buckeyes),(clemson-tigers,alabama-crimson-tide,ohio-state-buckeyes),(clemson-tigers,alabama-crimson-tide,ohio-state-buckeyes)
2020,8,(clemson-tigers,alabama-crimson-tide,ohio-state-buckeyes),(clemson-tigers,alabama-crimson-tide,ohio-state-buckeyes),(clemson-tigers,alabama-crimson-tide,ohio-state-buckeyes),(clemson-tigers,alabama-crimson-tide,ohio-state-buckeyes),(clemson-tigers,alabama-crimson-tide,ohio-state-buckeyes),(clemson-tigers,alabama-crimson-tide,ohio-state-buckeyes)
2020,9,(clemson-tigers,alabama-crimson-tide,ohio-state-buckeyes),(clemson-tigers,alabama-crimson-tide,ohio-state-buckeyes),(clemson-tigers,alabama-crimson-tide,ohio-state-buckeyes),(clemson-tigers,alabama-crimson-tide,ohio-state-buckeyes),(clemson-tigers,alabama-crimson-tide,ohio-state-buckeyes),(clemson-tigers,alabama-crimson-tide,ohio-state-buckeyes)
2020,10,(alabama-crimson-tide,notre-dame-fighting-irish,ohio-state-buckeyes),(alabama-crimson-tide,notre-dame-fighting-irish,ohio-state-buckeyes),(alabama-crimson-tide,notre-dame-fighting-irish,ohio-state-buckeyes),(alabama-crimson-tide,notre-dame-fighting-irish,ohio-state-buckeyes),(alabama-crimson-tide,notre-dame-fighting-irish,ohio-state-buckeyes),(alabama-crimson-tide,notre-dame-fighting-irish,ohio-state-buckeyes)
2020,11,(alabama-crimson-tide,notre-dame-fighting-irish,ohio-state-buckeyes),(alabama-crimson-tide,ohio-state-buckeyes,notre-dame-fighting-irish),(alabama-crimson-tide,notre-dame-fighting-irish,ohio-state-buckeyes),(alabama-crimson-tide,notre-dame-fighting-irish,ohio-state-buckeyes),(alabama-crimson-tide,notre-dame-fighting-irish,ohio-state-buckeyes),(alabama-crimson-tide,notre-dame-fighting-irish,ohio-state-buckeyes)
2020,12,(alabama-crimson-tide,notre-dame-fighting-irish,ohio-state-buckeyes),(alabama-crimson-tide,notre-dame-fighting-irish,ohio-state-buckeyes),(alabama-crimson-tide,notre-dame-fighting-irish,ohio-state-buckeyes),(alabama-crimson-tide,notre-dame-fighting-irish,ohio-state-buckeyes),(alabama-crimson-tide,notre-dame-fighting-irish,ohio-state-buckeyes),(alabama-crimson-tide,notre-dame-fighting-irish,ohio-state-buckeyes)
2020,13,(alabama-crimson-tide,notre-dame-fighting-irish,ohio-state-buckeyes),(alabama-crimson-tide,notre-dame-fighting-irish,ohio-state-buckeyes),(alabama-crimson-tide,notre-dame-fighting-irish,ohio-state-buckeyes),(alabama-crimson-tide,notre-dame-fighting-irish,ohio-state-buckeyes),(alabama-crimson-tide,notre-dame-fighting-irish,ohio-state-buckeyes),(alabama-crimson-tide,notre-dame-fighting-irish,ohio-state-buckeyes)
2020,14,(alabama-crimson-tide,notre-dame-fighting-irish,ohio-state-buckeyes),(alabama-crimson-tide,notre-dame-fighting-irish,ohio-state-buckeyes),(alabama-crimson-tide,notre-dame-fighting-irish,ohio-state-buckeyes),(alabama-crimson-tide,notre-dame-fighting-irish,ohio-state-buckeyes),(alabama-crimson-tide,notre-dame-fighting-irish,ohio-state-buckeyes),(alabama-crimson-tide,notre-dame-fighting-irish,ohio-state-buckeyes)
2020,15,(alabama-crimson-tide,notre-dame-fighting-irish,ohio-state-buckeyes),(alabama-crimson-tide,notre-dame-fighting-irish,ohio-state-buckeyes),(alabama-crimson-tide,notre-dame-fighting-irish,ohio-state-buckeyes),(alabama-crimson-tide,notre-dame-fighting-irish,ohio-state-buckeyes),(alabama-crimson-tide,notre-dame-fighting-irish,ohio-state-buckeyes),(alabama-crimson-tide,notre-dame-fighting-irish,ohio-state-buckeyes)
2020,16,(alabama-crimson-tide,clemson-tigers,ohio-state-buckeyes),(alabama-crimson-tide,clemson-tigers,ohio-state-buckeyes),(alabama-crimson-tide,clemson-tigers,ohio-state-buckeyes),(alabama-crimson-tide,clemson-tigers,ohio-state-buckeyes),(alabama-crimson-tide,clemson-tigers,ohio-state-buckeyes),(alabama-crimson-tide,clemson-tigers,ohio-state-buckeyes)
2020,17,(alabama-crimson-tide,ohio-state-buckeyes,clemson-tigers),(alabama-crimson-tide,ohio-state-buckeyes,texas-am-aggies),(alabama-crimson-tide,ohio-state-buckeyes,clemson-tigers),(alabama-crimson-tide,ohio-state-buckeyes,clemson-tigers),(alabama-crimson-tide,ohio-state-buckeyes,clemson-tigers),(alabama-crimson-tide,ohio-state-buckeyes,clemson-tigers)
2021,1,(alabama-crimson-tide,oklahoma-sooners,clemson-tigers),(alabama-crimson-tide,clemson-tigers,oklahoma-sooners),(alabama-crimson-tide,oklahoma-sooners,clemson-tigers),(alabama-crimson-tide,oklahoma-sooners,clemson-tigers),(alabama-crimson-tide,oklahoma-sooners,clemson-tigers),(alabama-crimson-tide,oklahoma-sooners,clemson-tigers)
2021,2,(alabama-crimson-tide,georgia-bulldogs,ohio-state-buckeyes),(alabama-crimson-tide,georgia-bulldogs,ohio-state-buckeyes),(alabama-crimson-tide,georgia-bulldogs,ohio-state-buckeyes),(alabama-crimson-tide,georgia-bulldogs,ohio-state-buckeyes),(alabama-crimson-tide,georgia-bulldogs,ohio-state-buckeyes),(alabama-crimson-tide,georgia-bulldogs,ohio-state-buckeyes)
2021,3,(alabama-crimson-tide,georgia-bulldogs,oklahoma-sooners),(alabama-crimson-tide,georgia-bulldogs,oklahoma-sooners),(alabama-crimson-tide,georgia-bulldogs,oklahoma-sooners),(alabama-crimson-tide,georgia-bulldogs,oklahoma-sooners),(alabama-crimson-tide,georgia-bulldogs,oklahoma-sooners),(alabama-crimson-tide,georgia-bulldogs,oklahoma-sooners)
2021,4,(alabama-crimson-tide,georgia-bulldogs,oregon-ducks),(alabama-crimson-tide,georgia-bulldogs,oklahoma-sooners),(alabama-crimson-tide,georgia-bulldogs,oregon-ducks),(alabama-crimson-tide,georgia-bulldogs,oregon-ducks),(alabama-crimson-tide,georgia-bulldogs,oregon-ducks),(alabama-crimson-tide,georgia-bulldogs,oregon-ducks)
2021,5,(alabama-crimson-tide,georgia-bulldogs,oregon-ducks),(alabama-crimson-tide,georgia-bulldogs,oklahoma-sooners),(alabama-crimson-tide,georgia-bulldogs,oregon-ducks),(alabama-crimson-tide,georgia-bulldogs,oregon-ducks),(alabama-crimson-tide,georgia-bulldogs,oregon-ducks),(alabama-crimson-tide,georgia-bulldogs,oregon-ducks)
2021,6,(alabama-crimson-tide,georgia-bulldogs,iowa-hawkeyes),(alabama-crimson-tide,georgia-bulldogs,oklahoma-sooners),(alabama-crimson-tide,georgia-bulldogs,iowa-hawkeyes),(alabama-crimson-tide,georgia-bulldogs,iowa-hawkeyes),(alabama-crimson-tide,georgia-bulldogs,iowa-hawkeyes),(alabama-crimson-tide,georgia-bulldogs,iowa-hawkeyes)
2021,7,(georgia-bulldogs,iowa-hawkeyes,cincinnati-bearcats),(georgia-bulldogs,alabama-crimson-tide,iowa-hawkeyes),(georgia-bulldogs,iowa-hawkeyes,cincinnati-bearcats),(georgia-bulldogs,iowa-hawkeyes,cincinnati-bearcats),(georgia-bulldogs,iowa-hawkeyes,cincinnati-bearcats),(georgia-bulldogs,iowa-hawkeyes,cincinnati-bearcats)
2021,8,(georgia-bulldogs,cincinnati-bearcats,oklahoma-sooners),(georgia-bulldogs,alabama-crimson-tide,cincinnati-bearcats),(georgia-bulldogs,cincinnati-bearcats,oklahoma-sooners),(georgia-bulldogs,cincinnati-bearcats,oklahoma-sooners),(georgia-bulldogs,cincinnati-bearcats,oklahoma-sooners),(georgia-bulldogs,cincinnati-bearcats,oklahoma-sooners)
2021,9,(georgia-bulldogs,cincinnati-bearcats,alabama-crimson-tide),(georgia-bulldogs,alabama-crimson-tide,cincinnati-bearcats),(georgia-bulldogs,cincinnati-bearcats,alabama-crimson-tide),(georgia-bulldogs,cincinnati-bearcats,alabama-crimson-tide),(georgia-bulldogs,cincinnati-bearcats,alabama-crimson-tide),(georgia-bulldogs,cincinnati-bearcats,alabama-crimson-tide)
2021,10,(georgia-bulldogs,cincinnati-bearcats,alabama-crimson-tide),(georgia-bulldogs,alabama-crimson-tide,cincinnati-bearcats),(georgia-bulldogs,cincinnati-bearcats,alabama-crimson-tide),(georgia-bulldogs,cincinnati-bearcats,alabama-crimson-tide),(georgia-bulldogs,cincinnati-bearcats,alabama-crimson-tide),(georgia-bulldogs,cincinnati-bearcats,alabama-crimson-tide)
2021,11,(georgia-bulldogs,cincinnati-bearcats,alabama-crimson-tide),(georgia-bulldogs,alabama-crimson-tide,cincinnati-bearcats),(georgia-bulldogs,cincinnati-bearcats,alabama-crimson-tide),(georgia-bulldogs,cincinnati-bearcats,alabama-crimson-tide),(georgia-bulldogs,cincinnati-bearcats,alabama-crimson-tide),(georgia-bulldogs,cincinnati-bearcats,alabama-crimson-tide)
2021,12,(georgia-bulldogs,alabama-crimson-tide,cincinnati-bearcats),(georgia-bulldogs,alabama-crimson-tide,cincinnati-bearcats),(georgia-bulldogs,alabama-crimson-tide,cincinnati-bearcats),(georgia-bulldogs,alabama-crimson-tide,cincinnati-bearcats),(georgia-bulldogs,alabama-crimson-tide,cincinnati-bearcats),(georgia-bulldogs,alabama-crimson-tide,cincinnati-bearcats)
2021,13,(georgia-bulldogs,ohio-state-buckeyes,alabama-crimson-tide),(georgia-bulldogs,alabama-crimson-tide,cincinnati-bearcats),(georgia-bulldogs,ohio-state-buckeyes,alabama-crimson-tide),(georgia-bulldogs,ohio-state-buckeyes,alabama-crimson-tide),(georgia-bulldogs,ohio-state-buckeyes,alabama-crimson-tide),(georgia-bulldogs,ohio-state-buckeyes,alabama-crimson-tide)
2021,14,(georgia-bulldogs,michigan-wolverines,cincinnati-bearcats),(georgia-bulldogs,alabama-crimson-tide,michigan-wolverines),(georgia-bulldogs,michigan-wolverines,cincinnati-bearcats),(georgia-bulldogs,michigan-wolverines,cincinnati-bearcats),(georgia-bulldogs,michigan-wolverines,cincinnati-bearcats),(georgia-bulldogs,michigan-wolverines,cincinnati-bearcats)
2021,15,(alabama-crimson-tide,michigan-wolverines,georgia-bulldogs),(alabama-crimson-tide,michigan-wolverines,cincinnati-bearcats),(alabama-crimson-tide,michigan-wolverines,georgia-bulldogs),(alabama-crimson-tide,michigan-wolverines,georgia-bulldogs),(alabama-crimson-tide,michigan-wolverines,georgia-bulldogs),(alabama-crimson-tide,michigan-wolverines,cincinnati-bearcats)
2021,16,(georgia-bulldogs,alabama-crimson-tide,michigan-wolverines),(georgia-bulldogs,alabama-crimson-tide,michigan-wolverines),(georgia-bulldogs,alabama-crimson-tide,michigan-wolverines),(georgia-bulldogs,alabama-crimson-tide,michigan-wolverines),(georgia-bulldogs,alabama-crimson-tide,michigan-wolverines),(georgia-bulldogs,alabama-crimson-tide,michigan-wolverines)
2022,1,(alabama-crimson-tide,ohio-state-buckeyes,georgia-bulldogs),(alabama-crimson-tide,ohio-state-buckeyes,georgia-bulldogs),(alabama-crimson-tide,ohio-state-buckeyes,georgia-bulldogs),(alabama-crimson-tide,ohio-state-buckeyes,georgia-bulldogs),(alabama-crimson-tide,ohio-state-buckeyes,georgia-bulldogs),(alabama-crimson-tide,ohio-state-buckeyes,georgia-bulldogs)
2022,2,(alabama-crimson-tide,georgia-bulldogs,ohio-state-buckeyes),(alabama-crimson-tide,georgia-bulldogs,ohio-state-buckeyes),(alabama-crimson-tide,georgia-bulldogs,ohio-state-buckeyes),(alabama-crimson-tide,georgia-bulldogs,ohio-state-buckeyes),(alabama-crimson-tide,georgia-bulldogs,ohio-state-buckeyes),(alabama-crimson-tide,georgia-bulldogs,ohio-state-buckeyes)
2022,3,(georgia-bulldogs,alabama-crimson-tide,ohio-state-buckeyes),(georgia-bulldogs,alabama-crimson-tide,ohio-state-buckeyes),(georgia-bulldogs,alabama-crimson-tide,ohio-state-buckeyes),(georgia-bulldogs,alabama-crimson-tide,ohio-state-buckeyes),(georgia-bulldogs,alabama-crimson-tide,ohio-state-buckeyes),(georgia-bulldogs,alabama-crimson-tide,ohio-state-buckeyes)
2022,4,(georgia-bulldogs,alabama-crimson-tide,ohio-state-buckeyes),(georgia-bulldogs,alabama-crimson-tide,ohio-state-buckeyes),(georgia-bulldogs,alabama-crimson-tide,ohio-state-buckeyes),(georgia-bulldogs,alabama-crimson-tide,ohio-state-buckeyes),(georgia-bulldogs,alabama-crimson-tide,ohio-state-buckeyes),(georgia-bulldogs,alabama-crimson-tide,ohio-state-buckeyes)
2022,5,(georgia-bulldogs,alabama-crimson-tide,ohio-state-buckeyes),(georgia-bulldogs,ohio-state-buckeyes,alabama-crimson-tide),(georgia-bulldogs,alabama-crimson-tide,ohio-state-buckeyes),(georgia-bulldogs,alabama-crimson-tide,ohio-state-buckeyes),(georgia-bulldogs,alabama-crimson-tide,ohio-state-buckeyes),(georgia-bulldogs,alabama-crimson-tide,ohio-state-buckeyes)
2022,6,(alabama-crimson-tide,georgia-bulldogs,ohio-state-buckeyes),(georgia-bulldogs,alabama-crimson-tide,ohio-state-buckeyes),(alabama-crimson-tide,georgia-bulldogs,ohio-state-buckeyes),(alabama-crimson-tide,georgia-bulldogs,ohio-state-buckeyes),(alabama-crimson-tide,georgia-bulldogs,ohio-state-buckeyes),(georgia-bulldogs,alabama-crimson-tide,ohio-state-buckeyes)
2022,7,(georgia-bulldogs,ohio-state-buckeyes,alabama-crimson-tide),(georgia-bulldogs,ohio-state-buckeyes,alabama-crimson-tide),(georgia-bulldogs,ohio-state-buckeyes,alabama-crimson-tide),(georgia-bulldogs,ohio-state-buckeyes,alabama-crimson-tide),(georgia-bulldogs,ohio-state-buckeyes,alabama-crimson-tide),(georgia-bulldogs,ohio-state-buckeyes,alabama-crimson-tide)
2022,8,(georgia-bulldogs,ohio-state-buckeyes,tennessee-volunteers),(georgia-bulldogs,ohio-state-buckeyes,tennessee-volunteers),(georgia-bulldogs,ohio-state-buckeyes,tennessee-volunteers),(georgia-bulldogs,ohio-state-buckeyes,tennessee-volunteers),(georgia-bulldogs,ohio-state-buckeyes,tennessee-volunteers),(georgia-bulldogs,ohio-state-buckeyes,tennessee-volunteers)
2022,9,(georgia-bulldogs,ohio-state-buckeyes,tennessee-volunteers),(georgia-bulldogs,ohio-state-buckeyes,tennessee-volunteers),(georgia-bulldogs,ohio-state-buckeyes,tennessee-volunteers),(georgia-bulldogs,ohio-state-buckeyes,tennessee-volunteers),(georgia-bulldogs,ohio-state-buckeyes,tennessee-volunteers),(georgia-bulldogs,ohio-state-buckeyes,tennessee-volunteers)
2022,10,(georgia-bulldogs,ohio-state-buckeyes,tennessee-volunteers),(georgia-bulldogs,tennessee-volunteers,ohio-state-buckeyes),(georgia-bulldogs,ohio-state-buckeyes,tennessee-volunteers),(georgia-bulldogs,ohio-state-buckeyes,tennessee-volunteers),(georgia-bulldogs,ohio-state-buckeyes,tennessee-volunteers),(georgia-bulldogs,tennessee-volunteers,ohio-state-buckeyes)
2022,11,(georgia-bulldogs,ohio-state-buckeyes,michigan-wolverines),(georgia-bulldogs,ohio-state-buckeyes,michigan-wolverines),(georgia-bulldogs,ohio-state-buckeyes,michigan-wolverines),(georgia-bulldogs,ohio-state-buckeyes,michigan-wolverines),(georgia-bulldogs,ohio-state-buckeyes,michigan-wolverines),(georgia-bulldogs,ohio-state-buckeyes,michigan-wolverines)
2022,12,(georgia-bulldogs,ohio-state-buckeyes,michigan-wolverines),(georgia-bulldogs,ohio-state-buckeyes,michigan-wolverines),(georgia-bulldogs,ohio-state-buckeyes,michigan-wolverines),(georgia-bulldogs,ohio-state-buckeyes,michigan-wolverines),(georgia-bulldogs,ohio-state-buckeyes,michigan-wolverines),(georgia-bulldogs,ohio-state-buckeyes,michigan-wolverines)
2022,13,(georgia-bulldogs,ohio-state-buckeyes,michigan-wolverines),(georgia-bulldogs,ohio-state-buckeyes,michigan-wolverines),(georgia-bulldogs,ohio-state-buckeyes,michigan-wolverines),(georgia-bulldogs,ohio-state-buckeyes,michigan-wolverines),(georgia-bulldogs,ohio-state-buckeyes,michigan-wolverines),(georgia-bulldogs,ohio-state-buckeyes,michigan-wolverines)
2022,14,(georgia-bulldogs,michigan-wolverines,tcu-horned-frogs),(georgia-bulldogs,michigan-wolverines,tcu-horned-frogs),(georgia-bulldogs,michigan-wolverines,tcu-horned-frogs),(georgia-bulldogs,michigan-wolverines,tcu-horned-frogs),(georgia-bulldogs,michigan-wolverines,tcu-horned-frogs),(georgia-bulldogs,michigan-wolverines,tcu-horned-frogs)
2022,15,(georgia-bulldogs,michigan-wolverines,tcu-horned-frogs),(georgia-bulldogs,michigan-wolverines,tcu-horned-frogs),(georgia-bulldogs,michigan-wolverines,tcu-horned-frogs),(georgia-bulldogs,michigan-wolverines,tcu-horned-frogs),(georgia-bulldogs,michigan-wolverines,tcu-horned-frogs),(georgia-bulldogs,michigan-wolverines,tcu-horned-frogs)
2022,16,(georgia-bulldogs,tcu-horned-frogs,michigan-wolverines),(georgia-bulldogs,tcu-horned-frogs,ohio-state-buckeyes),(georgia-bulldogs,tcu-horned-frogs,michigan-wolverines),(georgia-bulldogs,tcu-horned-frogs,michigan-wolverines),(georgia-bulldogs,tcu-horned-frogs,michigan-wolverines),(georgia-bulldogs,tcu-horned-frogs,michigan-wolverines)
2023,1,(georgia-bulldogs,michigan-wolverines,ohio-state-buckeyes),(georgia-bulldogs,michigan-wolverines,ohio-state-buckeyes),(georgia-bulldogs,michigan-wolverines,ohio-state-buckeyes),(georgia-bulldogs,michigan-wolverines,ohio-state-buckeyes),(georgia-bulldogs,michigan-wolverines,ohio-state-buckeyes),(georgia-bulldogs,michigan-wolverines,ohio-state-buckeyes)
2023,2,(georgia-bulldogs,michigan-wolverines,alabama-crimson-tide),(georgia-bulldogs,florida-state-seminoles,michigan-wolverines),(georgia-bulldogs,michigan-wolverines,alabama-crimson-tide),(georgia-bulldogs,michigan-wolverines,alabama-crimson-tide),(georgia-bulldogs,michigan-wolverines,alabama-crimson-tide),(georgia-bulldogs,michigan-wolverines,alabama-crimson-tide)
2023,3,(georgia-bulldogs,michigan-wolverines,florida-state-seminoles),(georgia-bulldogs,florida-state-seminoles,texas-longhorns),(georgia-bulldogs,michigan-wolverines,florida-state-seminoles),(georgia-bulldogs,michigan-wolverines,florida-state-seminoles),(georgia-bulldogs,michigan-wolverines,florida-state-seminoles),(georgia-bulldogs,michigan-wolverines,florida-state-seminoles)
2023,4,(georgia-bulldogs,michigan-wolverines,texas-longhorns),(georgia-bulldogs,texas-longhorns,michigan-wolverines),(georgia-bulldogs,michigan-wolverines,florida-state-seminoles),(georgia-bulldogs,michigan-wolverines,florida-state-seminoles),(georgia-bulldogs,michigan-wolverines,texas-longhorns),(georgia-bulldogs,michigan-wolverines,texas-longhorns)
2023,5,(georgia-bulldogs,michigan-wolverines,texas-longhorns),(georgia-bulldogs,florida-state-seminoles,texas-longhorns),(georgia-bulldogs,michigan-wolverines,texas-longhorns),(georgia-bulldogs,michigan-wolverines,texas-longhorns),(georgia-bulldogs,michigan-wolverines,texas-longhorns),(georgia-bulldogs,michigan-wolverines,texas-longhorns)
2023,6,(georgia-bulldogs,michigan-wolverines,texas-longhorns),(georgia-bulldogs,michigan-wolverines,texas-longhorns),(georgia-bulldogs,michigan-wolverines,texas-longhorns),(georgia-bulldogs,michigan-wolverines,texas-longhorns),(georgia-bulldogs,michigan-wolverines,texas-longhorns),(georgia-bulldogs,michigan-wolverines,texas-longhorns)
2023,7,(georgia-bulldogs,michigan-wolverines,ohio-state-buckeyes),(georgia-bulldogs,michigan-wolverines,ohio-state-buckeyes),(georgia-bulldogs,michigan-wolverines,ohio-state-buckeyes),(georgia-bulldogs,michigan-wolverines,ohio-state-buckeyes),(georgia-bulldogs,michigan-wolverines,ohio-state-buckeyes),(georgia-bulldogs,michigan-wolverines,ohio-state-buckeyes)
2023,8,(georgia-bulldogs,michigan-wolverines,ohio-state-buckeyes),(georgia-bulldogs,michigan-wolverines,washington-huskies),(georgia-bulldogs,michigan-wolverines,ohio-state-buckeyes),(georgia-bulldogs,michigan-wolverines,ohio-state-buckeyes),(georgia-bulldogs,michigan-wolverines,ohio-state-buckeyes),(georgia-bulldogs,michigan-wolverines,ohio-state-buckeyes)
2023,9,(georgia-bulldogs,michigan-wolverines,ohio-state-buckeyes),(georgia-bulldogs,michigan-wolverines,ohio-state-buckeyes),(georgia-bulldogs,michigan-wolverines,ohio-state-buckeyes),(georgia-bulldogs,michigan-wolverines,ohio-state-buckeyes),(georgia-bulldogs,michigan-wolverines,ohio-state-buckeyes),(georgia-bulldogs,michigan-wolverines,ohio-state-buckeyes)
2023,10,(georgia-bulldogs,michigan-wolverines,ohio-state-buckeyes),(georgia-bulldogs,michigan-wolverines,ohio-state-buckeyes),(georgia-bulldogs,michigan-wolverines,ohio-state-buckeyes),(georgia-bulldogs,michigan-wolverines,ohio-state-buckeyes),(georgia-bulldogs,michigan-wolverines,ohio-state-buckeyes),(georgia-bulldogs,michigan-wolverines,ohio-state-buckeyes)
2023,11,(georgia-bulldogs,michigan-wolverines,ohio-state-buckeyes),(georgia-bulldogs,michigan-wolverines,ohio-state-buckeyes),(georgia-bulldogs,michigan-wolverines,ohio-state-buckeyes),(georgia-bulldogs,michigan-wolverines,ohio-state-buckeyes),(georgia-bulldogs,michigan-wolverines,ohio-state-buckeyes),(georgia-bulldogs,michigan-wolverines,ohio-state-buckeyes)
2023,12,(georgia-bulldogs,michigan-wolverines,ohio-state-buckeyes),(georgia-bulldogs,michigan-wolverines,ohio-state-buckeyes),(georgia-bulldogs,michigan-wolverines,ohio-state-buckeyes),(georgia-bulldogs,michigan-wolverines,ohio-state-buckeyes),(georgia-bulldogs,michigan-wolverines,ohio-state-buckeyes),(georgia-bulldogs,michigan-wolverines,ohio-state-buckeyes)
2023,13,(georgia-bulldogs,ohio-state-buckeyes,michigan-wolverines),(georgia-bulldogs,ohio-state-buckeyes,washington-huskies),(georgia-bulldogs,ohio-state-buckeyes,michigan-wolverines),(georgia-bulldogs,ohio-state-buckeyes,michigan-wolverines),(georgia-bulldogs,ohio-state-buckeyes,michigan-wolverines),(georgia-bulldogs,ohio-state-buckeyes,michigan-wolverines)
2023,14,(georgia-bulldogs,michigan-wolverines,washington-huskies),(georgia-bulldogs,michigan-wolverines,washington-huskies),(georgia-bulldogs,michigan-wolverines,washington-huskies),(georgia-bulldogs,michigan-wolverines,washington-huskies),(georgia-bulldogs,michigan-wolverines,washington-huskies),(georgia-bulldogs,michigan-wolverines,washington-huskies)
2023,15,(michigan-wolverines,washington-huskies,texas-longhorns),(michigan-wolverines,washington-huskies,florida-state-seminoles),(michigan-wolverines,washington-huskies,florida-state-seminoles),(michigan-wolverines,washington-huskies,texas-longhorns),(michigan-wolverines,washington-huskies,texas-longhorns),(michigan-wolverines,washington-huskies,texas-longhorns)
2023,16,(michigan-wolverines,washington-huskies,texas-longhorns),(michigan-wolverines,washington-huskies,georgia-bulldogs),(michigan-wolverines,washington-huskies,texas-longhorns),(michigan-wolverines,washington-huskies,texas-longhorns),(michigan-wolverines,washington-huskies,texas-longhorns),(michigan-wolverines,washington-huskies,texas-longhorns)
2024,1,(georgia-bulldogs,ohio-state-buckeyes,oregon-ducks),(georgia-bulldogs,ohio-state-buckeyes,oregon-ducks),(georgia-bulldogs,ohio-state-buckeyes,oregon-ducks),(georgia-bulldogs,ohio-state-buckeyes,oregon-ducks),(georgia-bulldogs,ohio-state-buckeyes,oregon-ducks),(georgia-bulldogs,ohio-state-buckeyes,oregon-ducks)
2024,2,(georgia-bulldogs,ohio-state-buckeyes,texas-longhorns),(georgia-bulldogs,ohio-state-buckeyes,alabama-crimson-tide),(georgia-bulldogs,ohio-state-buckeyes,texas-longhorns),(georgia-bulldogs,ohio-state-buckeyes,texas-longhorns),(georgia-bulldogs,ohio-state-buckeyes,texas-longhorns),(georgia-bulldogs,ohio-state-buckeyes,texas-longhorns)
2024,3,(georgia-bulldogs,texas-longhorns,ohio-state-buckeyes),(georgia-bulldogs,ohio-state-buckeyes,texas-longhorns),(georgia-bulldogs,texas-longhorns,ohio-state-buckeyes),(georgia-bulldogs,texas-longhorns,ohio-state-buckeyes),(georgia-bulldogs,texas-longhorns,ohio-state-buckeyes),(georgia-bulldogs,texas-longhorns,ohio-state-buckeyes)
2024,4,(texas-longhorns,georgia-bulldogs,ohio-state-buckeyes),(texas-longhorns,georgia-bulldogs,ohio-state-buckeyes),(texas-longhorns,georgia-bulldogs,ohio-state-buckeyes),(texas-longhorns,georgia-bulldogs,ohio-state-buckeyes),(texas-longhorns,georgia-bulldogs,ohio-state-buckeyes),(texas-longhorns,georgia-bulldogs,ohio-state-buckeyes)
2024,5,(texas-longhorns,georgia-bulldogs,ohio-state-buckeyes),(texas-longhorns,georgia-bulldogs,ohio-state-buckeyes),(texas-longhorns,georgia-bulldogs,ohio-state-buckeyes),(texas-longhorns,georgia-bulldogs,ohio-state-buckeyes),(texas-longhorns,georgia-bulldogs,ohio-state-buckeyes),(texas-longhorns,georgia-bulldogs,ohio-state-buckeyes)
